Batch,Lead_ID,Company_Name,USDOT,CA_Number,Violation,Priority,Last_CARB_Check,Address,City,State,Zip,Phone,Email,Website,Lat,Lng,Distance_mi,Status,Last_Contact,Notes,SAFER_URL,Google_Search,
1,1,Southwest Construction Company Inc.,59770,2584464,TB,1,2025-01-08,California,,CA,,,,,36.778261,-119.4179324,172.1,NEW,,,https://safer.fmcsa.dot.gov/query.asp?searchtype=ANY&query_type=queryCarrierSnapshot&query_param=USDOT&query_string=59770,https://www.google.com/search?q=Southwest+Construction+Company+Inc.+trucking+California+address+phone,Southwest Construction Company Inc.
1,2,INQUIPCO,347085,,TB,1,2025-01-29,2730 North Nellis Boulevard,Las Vegas,CA,89115,(949) 818-9167,,https://inquipco.com/contact/,36.2093295,-115.0619148,412.7,NEW,,,https://safer.fmcsa.dot.gov/query.asp?searchtype=ANY&query_type=queryCarrierSnapshot&query_param=USDOT&query_string=347085,https://www.google.com/search?q=INQUIPCO+trucking+California+address+phone,INQUIPCO
1,3,Lassen Forest Products Inc.,29914,472923,TB,1,2025-01-11,22829 Casale Road,Red Bluff,CA,96080,,,,40.1303152,-122.187052,160.8,NEW,,,https://safer.fmcsa.dot.gov/query.asp?searchtype=ANY&query_type=queryCarrierSnapshot&query_param=USDOT&query_string=29914,https://www.google.com/search?q=Lassen+Forest+Products+Inc.+trucking+California+address+phone,Lassen Forest Products Inc.
1,4,WENDT CONSTRUCTION CO INC,50465,1657120,TB,1,2025-01-30,1660 Newburg Road,Fortuna,CA,95540,,,,40.5882062,-124.1489253,217,NEW,,,https://safer.fmcsa.dot.gov/query.asp?searchtype=ANY&query_type=queryCarrierSnapshot&query_param=USDOT&query_string=50465,https://www.google.com/search?q=WENDT+CONSTRUCTION+CO+INC+trucking+California+address+phone,WENDT CONSTRUCTION CO INC
1,5,"Mendocino Forest Products Company, LLC",599472,763868,TB,1,2025-01-07,California,,CA,,,,,36.778261,-119.4179324,172.1,NEW,,,https://safer.fmcsa.dot.gov/query.asp?searchtype=ANY&query_type=queryCarrierSnapshot&query_param=USDOT&query_string=599472,https://www.google.com/search?q=Mendocino+Forest+Products+Company+LLC+trucking+California+address+phone,Mendocino Forest Products Company LLC
1,6,Yandell Truckaway Inc.,18445,30503,TB,1,2025-01-13,3474 Buskirk Avenue,Pleasant Hill,CA,94523,,,,37.9389599,-122.058698,14.9,NEW,,,https://safer.fmcsa.dot.gov/query.asp?searchtype=ANY&query_type=queryCarrierSnapshot&query_param=USDOT&query_string=18445,https://www.google.com/search?q=Yandell+Truckaway+Inc.+trucking+California+address+phone,Yandell Truckaway Inc.
1,7,"Sundance Stage Lines, Inc",184090,,TB,1,2025-01-08,3762 Main Street,San Diego,CA,92113,,,,32.684498,-117.1125501,458,NEW,,,https://safer.fmcsa.dot.gov/query.asp?searchtype=ANY&query_type=queryCarrierSnapshot&query_param=USDOT&query_string=184090,https://www.google.com/search?q=Sundance+Stage+Lines+Inc+trucking+California+address+phone,Sundance Stage Lines Inc
1,8,"Steve Wills Trucking & Logging, LLC.",256813,1444560,TB,1,2024-12-26,1576 California 36,Fortuna,CA,95540,,,,40.545021,-124.1173782,213.6,NEW,,,https://safer.fmcsa.dot.gov/query.asp?searchtype=ANY&query_type=queryCarrierSnapshot&query_param=USDOT&query_string=256813,https://www.google.com/search?q=Steve+Wills+Trucking+&+Logging+LLC.+trucking+California+address+phone,Steve Wills Trucking & Logging LLC.
1,9,"Apex Fence Co., Inc.",51968,549939,TB,1,2025-01-31,19896 Alexander Avenue,Anderson,CA,96007,,,,40.4608838,-122.3149307,183.6,NEW,,,https://safer.fmcsa.dot.gov/query.asp?searchtype=ANY&query_type=queryCarrierSnapshot&query_param=USDOT&query_string=51968,https://www.google.com/search?q=Apex+Fence+Co.+Inc.+trucking+California+address+phone,Apex Fence Co. Inc.
1,10,Timberland Logging,199331,253030,TB,1,2025-01-03,California,,CA,,,,,36.778261,-119.4179324,172.1,NEW,,,https://safer.fmcsa.dot.gov/query.asp?searchtype=ANY&query_type=queryCarrierSnapshot&query_param=USDOT&query_string=199331,https://www.google.com/search?q=Timberland+Logging+trucking+California+address+phone,Timberland Logging
2,11,"Siskiyou Transportation, Inc.",39920,17189,TB,1,2025-01-23,Siskiyou County,,CA,,,,,41.7743261,-122.5770126,274.8,NEW,,,https://safer.fmcsa.dot.gov/query.asp?searchtype=ANY&query_type=queryCarrierSnapshot&query_param=USDOT&query_string=39920,https://www.google.com/search?q=Siskiyou+Transportation+Inc.+trucking+California+address+phone,Siskiyou Transportation Inc.
2,12,Rockview Farms,48850,776013,TB,1,2025-01-16,2350 West Whittier Boulevard,La Habra,CA,90631,,,,33.9395216,-117.9725783,359.4,NEW,,,https://safer.fmcsa.dot.gov/query.asp?searchtype=ANY&query_type=queryCarrierSnapshot&query_param=USDOT&query_string=48850,https://www.google.com/search?q=Rockview+Farms+trucking+California+address+phone,Rockview Farms
2,13,Crane Mills Truck Shop,40859,716497,TB,1,2025-01-02,22938 South Avenue,Corning,CA,96021,,,,39.9064554,-122.1810752,145.3,NEW,,,https://safer.fmcsa.dot.gov/query.asp?searchtype=ANY&query_type=queryCarrierSnapshot&query_param=USDOT&query_string=40859,https://www.google.com/search?q=Crane+Mills+Truck+Shop+trucking+California+address+phone,Crane Mills Truck Shop
2,14,"Superior Cattle Feeders, LLC",1248591,216358,TB,1,2025-01-31,6050 California 111,Calipatria,CA,92233,,,,33.093041,-115.512307,500.5,NEW,,,https://safer.fmcsa.dot.gov/query.asp?searchtype=ANY&query_type=queryCarrierSnapshot&query_param=USDOT&query_string=1248591,https://www.google.com/search?q=Superior+Cattle+Feeders+LLC+trucking+California+address+phone,Superior Cattle Feeders LLC
2,15,"Redwood Empire Vineyard Management, Inc.",1181138,54112,TB,1,2025-01-29,22000 Geyserville Avenue,Geyserville,CA,95441,,,,38.7228876,-122.925474,72.7,NEW,,,https://safer.fmcsa.dot.gov/query.asp?searchtype=ANY&query_type=queryCarrierSnapshot&query_param=USDOT&query_string=1181138,https://www.google.com/search?q=Redwood+Empire+Vineyard+Management+Inc.+trucking+California+address+phone,Redwood Empire Vineyard Management Inc.
2,16,"Sunview Vineyards of California, Inc.",198624,,TB,1,2025-11-12,3700 Pegasus Drive,Bakersfield,CA,93308,,,,35.4393856,-119.0704167,241.2,NEW,,,https://safer.fmcsa.dot.gov/query.asp?searchtype=ANY&query_type=queryCarrierSnapshot&query_param=USDOT&query_string=198624,https://www.google.com/search?q=Sunview+Vineyards+of+California+Inc.+trucking+California+address+phone,Sunview Vineyards of California Inc.
2,17,Fetzer Vineyards,27607,1057195,TB,1,2025-01-17,California,,CA,,,,,36.778261,-119.4179324,172.1,NEW,,,https://safer.fmcsa.dot.gov/query.asp?searchtype=ANY&query_type=queryCarrierSnapshot&query_param=USDOT&query_string=27607,https://www.google.com/search?q=Fetzer+Vineyards+trucking+California+address+phone,Fetzer Vineyards
2,18,Chuck Villar Construction Inc,76205,422575,TB,1,2025-01-06,424 Commerce Circle,Mammoth Lakes,CA,93546,,,,37.6436821,-118.9543334,181.6,NEW,,,https://safer.fmcsa.dot.gov/query.asp?searchtype=ANY&query_type=queryCarrierSnapshot&query_param=USDOT&query_string=76205,https://www.google.com/search?q=Chuck+Villar+Construction+Inc+trucking+California+address+phone,Chuck Villar Construction Inc
2,19,"Chambers Logging Co., Inc.",24903,821580,TB,1,2025-03-19,3219 Hillras Way,Fortuna,CA,95540,,,,40.558741,-124.132585,214.8,NEW,,,https://safer.fmcsa.dot.gov/query.asp?searchtype=ANY&query_type=queryCarrierSnapshot&query_param=USDOT&query_string=24903,https://www.google.com/search?q=Chambers+Logging+Co.+Inc.+trucking+California+address+phone,Chambers Logging Co. Inc.
2,20,Menezes Hay Company,34011,302713,TB,1,2025-01-23,5030 Dwight Way,Livingston,CA,95334,,,,37.3617585,-120.705053,91,NEW,,,https://safer.fmcsa.dot.gov/query.asp?searchtype=ANY&query_type=queryCarrierSnapshot&query_param=USDOT&query_string=34011,https://www.google.com/search?q=Menezes+Hay+Company+trucking+California+address+phone,Menezes Hay Company
3,21,American Honey,64616,200204,TB,1,2025-01-06,,,CA,,,,,,,,NEW,,,https://safer.fmcsa.dot.gov/query.asp?searchtype=ANY&query_type=queryCarrierSnapshot&query_param=USDOT&query_string=64616,https://www.google.com/search?q=American+Honey+trucking+California+address+phone,American Honey
3,22,"JS JOHAL & SONS, INC.",56357,1933349,TB,1,2025-02-13,5020 Garden Highway,Yuba City,CA,95991,,,,39.055342,-121.612998,93.5,NEW,,,https://safer.fmcsa.dot.gov/query.asp?searchtype=ANY&query_type=queryCarrierSnapshot&query_param=USDOT&query_string=56357,https://www.google.com/search?q=JS+JOHAL+&+SONS+INC.+trucking+California+address+phone,JS JOHAL & SONS INC.
3,23,Milanesio Farms Inc,62984,1733845,TB,1,2025-03-04,19725 Road 180,Strathmore,CA,93267,,,,36.1406361,-119.1700344,206.2,NEW,,,https://safer.fmcsa.dot.gov/query.asp?searchtype=ANY&query_type=queryCarrierSnapshot&query_param=USDOT&query_string=62984,https://www.google.com/search?q=Milanesio+Farms+Inc+trucking+California+address+phone,Milanesio Farms Inc
3,24,"Bill Nason Trucking, Inc.",942924,14553,TB,1,2025-01-24,4733 West Dinuba Avenue,Fresno,CA,93706,,,,36.5899983,-119.8767468,156.2,NEW,,,https://safer.fmcsa.dot.gov/query.asp?searchtype=ANY&query_type=queryCarrierSnapshot&query_param=USDOT&query_string=942924,https://www.google.com/search?q=Bill+Nason+Trucking+Inc.+trucking+California+address+phone,Bill Nason Trucking Inc.
3,25,Moiola Brothers Cattle Feeders LTD,4108276,,TB,1,2025-03-27,California,,CA,,,,,36.778261,-119.4179324,172.1,NEW,,,https://safer.fmcsa.dot.gov/query.asp?searchtype=ANY&query_type=queryCarrierSnapshot&query_param=USDOT&query_string=4108276,https://www.google.com/search?q=Moiola+Brothers+Cattle+Feeders+LTD+trucking+California+address+phone,Moiola Brothers Cattle Feeders LTD
3,26,D&J Packing,66598,1583823,TB,1,2025-01-31,1588 Moffett Street,Salinas,CA,93905,,,,36.6597909,-121.6123352,87,NEW,,,https://safer.fmcsa.dot.gov/query.asp?searchtype=ANY&query_type=queryCarrierSnapshot&query_param=USDOT&query_string=66598,https://www.google.com/search?q=D&J+Packing+trucking+California+address+phone,D&J Packing
3,27,GLENN K NILMEIER TRUCKING,448753,26163,TB,1,2025-01-29,7373 East North Avenue,Fresno,CA,93725,,,,36.690898,-119.656612,163.1,NEW,,,https://safer.fmcsa.dot.gov/query.asp?searchtype=ANY&query_type=queryCarrierSnapshot&query_param=USDOT&query_string=448753,https://www.google.com/search?q=GLENN+K+NILMEIER+TRUCKING+trucking+California+address+phone,GLENN K NILMEIER TRUCKING
3,28,Material Transport Services,2815,1745562,TB,1,2025-01-16,15505 East Lincoln Avenue,Orange,CA,92865,,,,33.8353699,-117.8613179,369,NEW,,,https://safer.fmcsa.dot.gov/query.asp?searchtype=ANY&query_type=queryCarrierSnapshot&query_param=USDOT&query_string=2815,https://www.google.com/search?q=Material+Transport+Services+trucking+California+address+phone,Material Transport Services
3,29,Headstart Nursery Inc,814232,,TB,1,2024-12-30,4860 Monterey Road,Gilroy,CA,95020,,,,36.9720633,-121.5526938,69.7,NEW,,,https://safer.fmcsa.dot.gov/query.asp?searchtype=ANY&query_type=queryCarrierSnapshot&query_param=USDOT&query_string=814232,https://www.google.com/search?q=Headstart+Nursery+Inc+trucking+California+address+phone,Headstart Nursery Inc
3,30,Browns Northstate Resources,398433,2352675,TB,1,2025-01-02,California,,CA,,,,,36.778261,-119.4179324,172.1,NEW,,,https://safer.fmcsa.dot.gov/query.asp?searchtype=ANY&query_type=queryCarrierSnapshot&query_param=USDOT&query_string=398433,https://www.google.com/search?q=Browns+Northstate+Resources+trucking+California+address+phone,Browns Northstate Resources
4,31,barnes ranch inc,701291,254468,TB,1,2025-01-20,Unnamed Road,Covelo,CA,95428,,,,39.706205,-123.0371775,137.7,NEW,,,https://safer.fmcsa.dot.gov/query.asp?searchtype=ANY&query_type=queryCarrierSnapshot&query_param=USDOT&query_string=701291,https://www.google.com/search?q=barnes+ranch+inc+trucking+California+address+phone,barnes ranch inc
4,32,Dart International,1780,164701,TB,1,2025-01-24,1990 Pomona Road,Corona,CA,92878,,,,33.8817455,-117.606493,376.4,NEW,,,https://safer.fmcsa.dot.gov/query.asp?searchtype=ANY&query_type=queryCarrierSnapshot&query_param=USDOT&query_string=1780,https://www.google.com/search?q=Dart+International+trucking+California+address+phone,Dart International
4,33,SterlingPacific Meat Company,214000,559423,TB,1,2025-01-02,6114 Scott Way,Commerce,CA,90040,,,,33.979322,-118.149622,350.7,NEW,,,https://safer.fmcsa.dot.gov/query.asp?searchtype=ANY&query_type=queryCarrierSnapshot&query_param=USDOT&query_string=214000,https://www.google.com/search?q=SterlingPacific+Meat+Company+trucking+California+address+phone,SterlingPacific Meat Company
4,34,"Gli-Co Farms, LP",1823649,593189,TB,1,2025-01-06,California,,CA,,,,,36.778261,-119.4179324,172.1,NEW,,,https://safer.fmcsa.dot.gov/query.asp?searchtype=ANY&query_type=queryCarrierSnapshot&query_param=USDOT&query_string=1823649,https://www.google.com/search?q=Gli-Co+Farms+LP+trucking+California+address+phone,Gli-Co Farms LP
4,35,Flyin A Ranch,235751,1663258,TB,1,2025-11-11,California,,CA,,,,,36.778261,-119.4179324,172.1,NEW,,,https://safer.fmcsa.dot.gov/query.asp?searchtype=ANY&query_type=queryCarrierSnapshot&query_param=USDOT&query_string=235751,https://www.google.com/search?q=Flyin+A+Ranch+trucking+California+address+phone,Flyin A Ranch
4,36,Rick Lawley Trucking,8932,1754373,TB,1,2025-01-06,600 Tower Road,American Canyon,CA,94503,,,,38.2128638,-122.2675488,28.2,NEW,,,https://safer.fmcsa.dot.gov/query.asp?searchtype=ANY&query_type=queryCarrierSnapshot&query_param=USDOT&query_string=8932,https://www.google.com/search?q=Rick+Lawley+Trucking+trucking+California+address+phone,Rick Lawley Trucking
4,37,"J.S. Helwig & Son, LLC",185183,,TB,1,2025-06-18,California,,CA,,,,,36.778261,-119.4179324,172.1,NEW,,,https://safer.fmcsa.dot.gov/query.asp?searchtype=ANY&query_type=queryCarrierSnapshot&query_param=USDOT&query_string=185183,https://www.google.com/search?q=J.S.+Helwig+&+Son+LLC+trucking+California+address+phone,J.S. Helwig & Son LLC
4,38,Gileno Distribution Services,279660,309992,TB,1,2025-05-28,California,,CA,,,,,36.778261,-119.4179324,172.1,NEW,,,https://safer.fmcsa.dot.gov/query.asp?searchtype=ANY&query_type=queryCarrierSnapshot&query_param=USDOT&query_string=279660,https://www.google.com/search?q=Gileno+Distribution+Services+trucking+California+address+phone,Gileno Distribution Services
4,39,Garrison Transportation,460885,,TB,1,2025-02-10,California,,CA,,,,,36.778261,-119.4179324,172.1,NEW,,,https://safer.fmcsa.dot.gov/query.asp?searchtype=ANY&query_type=queryCarrierSnapshot&query_param=USDOT&query_string=460885,https://www.google.com/search?q=Garrison+Transportation+trucking+California+address+phone,Garrison Transportation
4,40,MILLER TRUCKING CORP,451701,,TB,1,2024-12-26,California,,CA,,,,,36.778261,-119.4179324,172.1,NEW,,,https://safer.fmcsa.dot.gov/query.asp?searchtype=ANY&query_type=queryCarrierSnapshot&query_param=USDOT&query_string=451701,https://www.google.com/search?q=MILLER+TRUCKING+CORP+trucking+California+address+phone,MILLER TRUCKING CORP
5,41,GAN-TRANS,174463,16756,TB,1,2025-02-24,800 Carden Street,San Leandro,CA,94577,,,,37.7206879,-122.1859755,7.4,NEW,,,https://safer.fmcsa.dot.gov/query.asp?searchtype=ANY&query_type=queryCarrierSnapshot&query_param=USDOT&query_string=174463,https://www.google.com/search?q=GAN-TRANS+trucking+California+address+phone,GAN-TRANS
5,42,Tarke Farming Inc,396475,2769749,TB,1,2025-01-23,Tarke,Tarke,CA,95957,,,,39.1451696,-121.8491373,95.4,NEW,,,https://safer.fmcsa.dot.gov/query.asp?searchtype=ANY&query_type=queryCarrierSnapshot&query_param=USDOT&query_string=396475,https://www.google.com/search?q=Tarke+Farming+Inc+trucking+California+address+phone,Tarke Farming Inc
5,43,Stackhouse Bros.,88710,1613353,TB,1,2025-02-04,California,,CA,,,,,36.778261,-119.4179324,172.1,NEW,,,https://safer.fmcsa.dot.gov/query.asp?searchtype=ANY&query_type=queryCarrierSnapshot&query_param=USDOT&query_string=88710,https://www.google.com/search?q=Stackhouse+Bros.+trucking+California+address+phone,Stackhouse Bros.
5,44,"Convoy Systems, LLC",230360,,TB,1,2025-02-20,California,,CA,,,,,36.778261,-119.4179324,172.1,NEW,,,https://safer.fmcsa.dot.gov/query.asp?searchtype=ANY&query_type=queryCarrierSnapshot&query_param=USDOT&query_string=230360,https://www.google.com/search?q=Convoy+Systems+LLC+trucking+California+address+phone,Convoy Systems LLC
5,45,OLDLAND DISTRIBUTING INC,167502,150766,TB,1,2025-01-09,California,,CA,,,,,36.778261,-119.4179324,172.1,NEW,,,https://safer.fmcsa.dot.gov/query.asp?searchtype=ANY&query_type=queryCarrierSnapshot&query_param=USDOT&query_string=167502,https://www.google.com/search?q=OLDLAND+DISTRIBUTING+INC+trucking+California+address+phone,OLDLAND DISTRIBUTING INC
5,46,"Douglas Transportation, Inc.",533789,,TB,1,2025-01-02,California,,CA,,,,,36.778261,-119.4179324,172.1,NEW,,,https://safer.fmcsa.dot.gov/query.asp?searchtype=ANY&query_type=queryCarrierSnapshot&query_param=USDOT&query_string=533789,https://www.google.com/search?q=Douglas+Transportation+Inc.+trucking+California+address+phone,Douglas Transportation Inc.
5,47,Wyeth Dairy Inc,111121,,TB,1,2025-01-16,7319 Jackson Road,Modesto,CA,95358,,,,37.6765376,-121.1287936,63,NEW,,,https://safer.fmcsa.dot.gov/query.asp?searchtype=ANY&query_type=queryCarrierSnapshot&query_param=USDOT&query_string=111121,https://www.google.com/search?q=Wyeth+Dairy+Inc+trucking+California+address+phone,Wyeth Dairy Inc
5,48,SUNRISE EXPRESS INC,256401,,TB,1,2025-01-02,California,,CA,,,,,36.778261,-119.4179324,172.1,NEW,,,https://safer.fmcsa.dot.gov/query.asp?searchtype=ANY&query_type=queryCarrierSnapshot&query_param=USDOT&query_string=256401,https://www.google.com/search?q=SUNRISE+EXPRESS+INC+trucking+California+address+phone,SUNRISE EXPRESS INC
5,49,Schuster Company,140125,,TB,1,2025-01-27,California,,CA,,,,,36.778261,-119.4179324,172.1,NEW,,,https://safer.fmcsa.dot.gov/query.asp?searchtype=ANY&query_type=queryCarrierSnapshot&query_param=USDOT&query_string=140125,https://www.google.com/search?q=Schuster+Company+trucking+California+address+phone,Schuster Company
5,50,"Xpress Global Systems, LLC",534817,,TB,1,2025-03-30,California,,CA,,,,,36.778261,-119.4179324,172.1,NEW,,,https://safer.fmcsa.dot.gov/query.asp?searchtype=ANY&query_type=queryCarrierSnapshot&query_param=USDOT&query_string=534817,https://www.google.com/search?q=Xpress+Global+Systems+LLC+trucking+California+address+phone,Xpress Global Systems LLC
6,51,Crete Carrier Corp,73705,,TB,1,2025-02-07,California,,CA,,,,,36.778261,-119.4179324,172.1,NEW,,,https://safer.fmcsa.dot.gov/query.asp?searchtype=ANY&query_type=queryCarrierSnapshot&query_param=USDOT&query_string=73705,https://www.google.com/search?q=Crete+Carrier+Corp+trucking+California+address+phone,Crete Carrier Corp
6,52,Sunset Pacific Transportation,230428,25754,TB,1,2025-01-10,California,,CA,,,,,36.778261,-119.4179324,172.1,NEW,,,https://safer.fmcsa.dot.gov/query.asp?searchtype=ANY&query_type=queryCarrierSnapshot&query_param=USDOT&query_string=230428,https://www.google.com/search?q=Sunset+Pacific+Transportation+trucking+California+address+phone,Sunset Pacific Transportation
6,53,Alan Ritchey Inc,23010,,TB,1,2025-03-03,California,,CA,,,,,36.778261,-119.4179324,172.1,NEW,,,https://safer.fmcsa.dot.gov/query.asp?searchtype=ANY&query_type=queryCarrierSnapshot&query_param=USDOT&query_string=23010,https://www.google.com/search?q=Alan+Ritchey+Inc+trucking+California+address+phone,Alan Ritchey Inc
6,54,Dot-Line Transportation,205915,,TB,1,2025-03-13,California,,CA,,,,,36.778261,-119.4179324,172.1,NEW,,,https://safer.fmcsa.dot.gov/query.asp?searchtype=ANY&query_type=queryCarrierSnapshot&query_param=USDOT&query_string=205915,https://www.google.com/search?q=Dot-Line+Transportation+trucking+California+address+phone,Dot-Line Transportation
6,55,"Roadrunner Transportation Services, Inc",7116,242009,TB,1,2025-01-07,11385 Venture Drive,Jurupa Valley,CA,91752,,,,34.0306728,-117.5321567,371.8,NEW,,,https://safer.fmcsa.dot.gov/query.asp?searchtype=ANY&query_type=queryCarrierSnapshot&query_param=USDOT&query_string=7116,https://www.google.com/search?q=Roadrunner+Transportation+Services+Inc+trucking+California+address+phone,Roadrunner Transportation Services Inc
6,56,"ADAMS TRUCKING, INC.",118295,,TB,1,2025-01-10,7301 John Galt Way,Arbuckle,CA,95912,,,,38.9304395,-121.9912793,79.3,NEW,,,https://safer.fmcsa.dot.gov/query.asp?searchtype=ANY&query_type=queryCarrierSnapshot&query_param=USDOT&query_string=118295,https://www.google.com/search?q=ADAMS+TRUCKING+INC.+trucking+California+address+phone,ADAMS TRUCKING INC.
6,57,"Cecil Logging, Inc.",2068681,,TB,1,2025-01-14,California,,CA,,,,,36.778261,-119.4179324,172.1,NEW,,,https://safer.fmcsa.dot.gov/query.asp?searchtype=ANY&query_type=queryCarrierSnapshot&query_param=USDOT&query_string=2068681,https://www.google.com/search?q=Cecil+Logging+Inc.+trucking+California+address+phone,Cecil Logging Inc.
6,58,DCR Farm Management.,47911,1043831,TB,1,2025-01-21,California,,CA,,,,,36.778261,-119.4179324,172.1,NEW,,,https://safer.fmcsa.dot.gov/query.asp?searchtype=ANY&query_type=queryCarrierSnapshot&query_param=USDOT&query_string=47911,https://www.google.com/search?q=DCR+Farm+Management.+trucking+California+address+phone,DCR Farm Management.
6,59,Henning Rice Farms Inc,121426,,TB,1,2025-01-20,California,,CA,,,,,36.778261,-119.4179324,172.1,NEW,,,https://safer.fmcsa.dot.gov/query.asp?searchtype=ANY&query_type=queryCarrierSnapshot&query_param=USDOT&query_string=121426,https://www.google.com/search?q=Henning+Rice+Farms+Inc+trucking+California+address+phone,Henning Rice Farms Inc
6,60,Gemperle Brothers,2611445,51187,TB,1,2025-01-29,10218 Lander Avenue,Turlock,CA,95380,,,,37.436151,-120.850781,81.8,NEW,,,https://safer.fmcsa.dot.gov/query.asp?searchtype=ANY&query_type=queryCarrierSnapshot&query_param=USDOT&query_string=2611445,https://www.google.com/search?q=Gemperle+Brothers+trucking+California+address+phone,Gemperle Brothers
7,61,Hay Connection,864392,188522,TB,1,2025-01-02,1152 Sixth Street,Norco,CA,92860,,,,33.9379102,-117.5465595,375.9,NEW,,,https://safer.fmcsa.dot.gov/query.asp?searchtype=ANY&query_type=queryCarrierSnapshot&query_param=USDOT&query_string=864392,https://www.google.com/search?q=Hay+Connection+trucking+California+address+phone,Hay Connection
7,62,Johnson Water Well Drilling Inc.,334343,,TB,1,2025-01-21,California,,CA,,,,,36.778261,-119.4179324,172.1,NEW,,,https://safer.fmcsa.dot.gov/query.asp?searchtype=ANY&query_type=queryCarrierSnapshot&query_param=USDOT&query_string=334343,https://www.google.com/search?q=Johnson+Water+Well+Drilling+Inc.+trucking+California+address+phone,Johnson Water Well Drilling Inc.
7,63,CE BECKER AND SONS ENTERPRISES,3029562,260769,TB,1,2025-01-31,California,,CA,,,,,36.778261,-119.4179324,172.1,NEW,,,https://safer.fmcsa.dot.gov/query.asp?searchtype=ANY&query_type=queryCarrierSnapshot&query_param=USDOT&query_string=3029562,https://www.google.com/search?q=CE+BECKER+AND+SONS+ENTERPRISES+trucking+California+address+phone,CE BECKER AND SONS ENTERPRISES
7,64,Gill Ranch,542770,52551,TB,1,2025-01-06,1 Mesa Verde Road,King City,CA,93930,,,,36.2011787,-121.1153611,127.8,NEW,,,https://safer.fmcsa.dot.gov/query.asp?searchtype=ANY&query_type=queryCarrierSnapshot&query_param=USDOT&query_string=542770,https://www.google.com/search?q=Gill+Ranch+trucking+California+address+phone,Gill Ranch
7,65,"Matthews Skyline Logging, Inc.",1708801,43246,TB,1,2025-01-15,10100 East Road,Potter Valley,CA,95469,,,,39.293542,-123.0956,112.1,NEW,,,https://safer.fmcsa.dot.gov/query.asp?searchtype=ANY&query_type=queryCarrierSnapshot&query_param=USDOT&query_string=1708801,https://www.google.com/search?q=Matthews+Skyline+Logging+Inc.+trucking+California+address+phone,Matthews Skyline Logging Inc.
7,66,GLENN VAN RULER DBA VAN RULER FARMS,513448,3037100,TB,1,2025-01-23,California,,CA,,,,,36.778261,-119.4179324,172.1,NEW,,,https://safer.fmcsa.dot.gov/query.asp?searchtype=ANY&query_type=queryCarrierSnapshot&query_param=USDOT&query_string=513448,https://www.google.com/search?q=GLENN+VAN+RULER+DBA+VAN+RULER+FARMS+trucking+California+address+phone,GLENN VAN RULER DBA VAN RULER FARMS
7,67,Baker Trucking,165135,1973507,TB,1,2024-12-27,California,,CA,,,,,36.778261,-119.4179324,172.1,NEW,,,https://safer.fmcsa.dot.gov/query.asp?searchtype=ANY&query_type=queryCarrierSnapshot&query_param=USDOT&query_string=165135,https://www.google.com/search?q=Baker+Trucking+trucking+California+address+phone,Baker Trucking
7,68,PELTZER ENTERPRISES INC,89642,1994738,TB,1,2025-02-05,33580 Road 132,Visalia,CA,93292,,,,36.3985858,-119.2750372,191.6,NEW,,,https://safer.fmcsa.dot.gov/query.asp?searchtype=ANY&query_type=queryCarrierSnapshot&query_param=USDOT&query_string=89642,https://www.google.com/search?q=PELTZER+ENTERPRISES+INC+trucking+California+address+phone,PELTZER ENTERPRISES INC
7,69,"ARNAUDO BROS. TRANSPORT, INC.",45168,198696,TB,1,2024-12-30,California,,CA,,,,,36.778261,-119.4179324,172.1,NEW,,,https://safer.fmcsa.dot.gov/query.asp?searchtype=ANY&query_type=queryCarrierSnapshot&query_param=USDOT&query_string=45168,https://www.google.com/search?q=ARNAUDO+BROS.+TRANSPORT+INC.+trucking+California+address+phone,ARNAUDO BROS. TRANSPORT INC.
7,70,AMERICAN LAMIN,270121,935636,TB,1,2025-01-23,California,,CA,,,,,36.778261,-119.4179324,172.1,NEW,,,https://safer.fmcsa.dot.gov/query.asp?searchtype=ANY&query_type=queryCarrierSnapshot&query_param=USDOT&query_string=270121,https://www.google.com/search?q=AMERICAN+LAMIN+trucking+California+address+phone,AMERICAN LAMIN
8,71,MARTINELLI,505377,,TB,1,2025-01-30,California,,CA,,,,,36.778261,-119.4179324,172.1,NEW,,,https://safer.fmcsa.dot.gov/query.asp?searchtype=ANY&query_type=queryCarrierSnapshot&query_param=USDOT&query_string=505377,https://www.google.com/search?q=MARTINELLI+trucking+California+address+phone,MARTINELLI
8,72,GREENFIELD TRUCKING,22417,50014,TB,1,2025-01-13,12695 Golden State,McFarland,CA,93250,,,,35.6896623,-119.230671,222.9,NEW,,,https://safer.fmcsa.dot.gov/query.asp?searchtype=ANY&query_type=queryCarrierSnapshot&query_param=USDOT&query_string=22417,https://www.google.com/search?q=GREENFIELD+TRUCKING+trucking+California+address+phone,GREENFIELD TRUCKING
8,73,"Cardinale Moving & Storage, Inc",138022,,TB,1,2025-01-24,11360 Commercial Parkway,Castroville,CA,95012,,,,36.7562992,-121.7383586,78.1,NEW,,,https://safer.fmcsa.dot.gov/query.asp?searchtype=ANY&query_type=queryCarrierSnapshot&query_param=USDOT&query_string=138022,https://www.google.com/search?q=Cardinale+Moving+&+Storage+Inc+trucking+California+address+phone,Cardinale Moving & Storage Inc
8,74,"Valley View Transportation, Inc.",1612334,,TB,1,2025-01-31,Valley View Reed,San Jose,CA,,,,,37.2685091,-121.8817673,42.7,NEW,,,https://safer.fmcsa.dot.gov/query.asp?searchtype=ANY&query_type=queryCarrierSnapshot&query_param=USDOT&query_string=1612334,https://www.google.com/search?q=Valley+View+Transportation+Inc.+trucking+California+address+phone,Valley View Transportation Inc.
8,75,"Bakke Ag Service, Inc",615242,3915232,TB,1,2025-01-24,California,,CA,,,,,36.778261,-119.4179324,172.1,NEW,,,https://safer.fmcsa.dot.gov/query.asp?searchtype=ANY&query_type=queryCarrierSnapshot&query_param=USDOT&query_string=615242,https://www.google.com/search?q=Bakke+Ag+Service+Inc+trucking+California+address+phone,Bakke Ag Service Inc
8,76,"AZEVEDO CATTLE CO, INC.",925124,62192,TB,1,2025-01-05,461 El Camino Real,Salinas,CA,93908,,,,36.6171316,-121.5723611,90.6,NEW,,,https://safer.fmcsa.dot.gov/query.asp?searchtype=ANY&query_type=queryCarrierSnapshot&query_param=USDOT&query_string=925124,https://www.google.com/search?q=AZEVEDO+CATTLE+CO+INC.+trucking+California+address+phone,AZEVEDO CATTLE CO INC.
8,77,KYLE & KYLE RANCHES INC,2613495,214529,TB,1,2025-03-20,12345 East Avenue J,Lancaster,CA,93535,,,,34.690609,-117.908418,324.6,NEW,,,https://safer.fmcsa.dot.gov/query.asp?searchtype=ANY&query_type=queryCarrierSnapshot&query_param=USDOT&query_string=2613495,https://www.google.com/search?q=KYLE+&+KYLE+RANCHES+INC+trucking+California+address+phone,KYLE & KYLE RANCHES INC
8,78,"Ram Trucking, Inc.",5544,220272,TB,1,2025-01-28,32645 McCoy Road,Soledad,CA,93960,,,,36.4520836,-121.3658416,105.9,NEW,,,https://safer.fmcsa.dot.gov/query.asp?searchtype=ANY&query_type=queryCarrierSnapshot&query_param=USDOT&query_string=5544,https://www.google.com/search?q=Ram+Trucking+Inc.+trucking+California+address+phone,Ram Trucking Inc.
8,79,Berry Warren Trucking,669857,26489,TB,1,2025-01-28,California,,CA,,,,,36.778261,-119.4179324,172.1,NEW,,,https://safer.fmcsa.dot.gov/query.asp?searchtype=ANY&query_type=queryCarrierSnapshot&query_param=USDOT&query_string=669857,https://www.google.com/search?q=Berry+Warren+Trucking+trucking+California+address+phone,Berry Warren Trucking
8,80,Perfect Rice & Cattle Co.,394389,1934216,TB,1,2025-01-02,California,,CA,,,,,36.778261,-119.4179324,172.1,NEW,,,https://safer.fmcsa.dot.gov/query.asp?searchtype=ANY&query_type=queryCarrierSnapshot&query_param=USDOT&query_string=394389,https://www.google.com/search?q=Perfect+Rice+&+Cattle+Co.+trucking+California+address+phone,Perfect Rice & Cattle Co.
9,81,GENACE HAY COMPANY INC,733279,836879,TB,1,2025-03-21,3642 Finney Road,Modesto,CA,95358,,,,37.688902,-121.0863443,65.2,NEW,,,https://safer.fmcsa.dot.gov/query.asp?searchtype=ANY&query_type=queryCarrierSnapshot&query_param=USDOT&query_string=733279,https://www.google.com/search?q=GENACE+HAY+COMPANY+INC+trucking+California+address+phone,GENACE HAY COMPANY INC
9,82,Burkett Pool Plastering,10892,1363111,TB,1,2025-01-29,600 Frontage Road,Ripon,CA,95366,,,,37.7440613,-121.1278228,62.6,NEW,,,https://safer.fmcsa.dot.gov/query.asp?searchtype=ANY&query_type=queryCarrierSnapshot&query_param=USDOT&query_string=10892,https://www.google.com/search?q=Burkett+Pool+Plastering+trucking+California+address+phone,Burkett Pool Plastering
9,83,SIERRA CASCADE NURSERY,175145,837468,TB,1,2025-01-15,10850 Santa Fe Drive,Ballico,CA,95303,,,,37.4412498,-120.6821517,90.5,NEW,,,https://safer.fmcsa.dot.gov/query.asp?searchtype=ANY&query_type=queryCarrierSnapshot&query_param=USDOT&query_string=175145,https://www.google.com/search?q=SIERRA+CASCADE+NURSERY+trucking+California+address+phone,SIERRA CASCADE NURSERY
9,84,Alexandre Dairy,1507357,212933,TB,1,2025-02-03,Modesto,Modesto,CA,95357,,,,37.7181129,-120.9618716,71.8,NEW,,,https://safer.fmcsa.dot.gov/query.asp?searchtype=ANY&query_type=queryCarrierSnapshot&query_param=USDOT&query_string=1507357,https://www.google.com/search?q=Alexandre+Dairy+trucking+California+address+phone,Alexandre Dairy
9,85,"GEORGE BIANCHI, INC.",3407679,563108,TB,1,2025-01-20,California,,CA,,,,,36.778261,-119.4179324,172.1,NEW,,,https://safer.fmcsa.dot.gov/query.asp?searchtype=ANY&query_type=queryCarrierSnapshot&query_param=USDOT&query_string=3407679,https://www.google.com/search?q=GEORGE+BIANCHI+INC.+trucking+California+address+phone,GEORGE BIANCHI INC.
9,86,Ashurst Honey Co.,64616,663570,TB,1,2025-01-03,California,,CA,,,,,36.778261,-119.4179324,172.1,NEW,,,https://safer.fmcsa.dot.gov/query.asp?searchtype=ANY&query_type=queryCarrierSnapshot&query_param=USDOT&query_string=64616,https://www.google.com/search?q=Ashurst+Honey+Co.+trucking+California+address+phone,Ashurst Honey Co.
9,87,"JOE GOMES & SONS, INC.",3638,497043,TB,1,2025-01-10,23839 Bloss Avenue,Hilmar,CA,95324,,,,37.401981,-120.919327,79.1,NEW,,,https://safer.fmcsa.dot.gov/query.asp?searchtype=ANY&query_type=queryCarrierSnapshot&query_param=USDOT&query_string=3638,https://www.google.com/search?q=JOE+GOMES+&+SONS+INC.+trucking+California+address+phone,JOE GOMES & SONS INC.
9,88,Frank Borba & Son Custom Chopping,1399981,447437,TB,1,2025-01-31,2248 West Service Road,Modesto,CA,95358,,,,37.5795807,-121.0291672,69.7,NEW,,,https://safer.fmcsa.dot.gov/query.asp?searchtype=ANY&query_type=queryCarrierSnapshot&query_param=USDOT&query_string=1399981,https://www.google.com/search?q=Frank+Borba+&+Son+Custom+Chopping+trucking+California+address+phone,Frank Borba & Son Custom Chopping
9,89,Lee Bundy,1477228,137835,TB,1,2025-01-19,California,,CA,,,,,36.778261,-119.4179324,172.1,NEW,,,https://safer.fmcsa.dot.gov/query.asp?searchtype=ANY&query_type=queryCarrierSnapshot&query_param=USDOT&query_string=1477228,https://www.google.com/search?q=Lee+Bundy+trucking+California+address+phone,Lee Bundy
9,90,ROBERT GIOLETTI & SONS,71823,b57521,TB,1,2025-01-09,F2VQ+MM,Hatch,CA,95380,,,,37.4941364,-120.9608024,74.8,NEW,,,https://safer.fmcsa.dot.gov/query.asp?searchtype=ANY&query_type=queryCarrierSnapshot&query_param=USDOT&query_string=71823,https://www.google.com/search?q=ROBERT+GIOLETTI+&+SONS+trucking+California+address+phone,ROBERT GIOLETTI & SONS
10,91,G & G TRANSPORTATION INC,1218684,MC517880,TB,1,2024-12-31,705 North Tully Road,Turlock,CA,95380,,,,37.4987298,-120.8721775,79.4,NEW,,,https://safer.fmcsa.dot.gov/query.asp?searchtype=ANY&query_type=queryCarrierSnapshot&query_param=USDOT&query_string=1218684,https://www.google.com/search?q=G+&+G+TRANSPORTATION+INC+trucking+California+address+phone,G & G TRANSPORTATION INC
10,92,Jim*s Honey Farm LLC,834667,,TB,1,2025-06-10,7701 Jenica Street,Bakersfield,CA,93314,,,,35.4296641,-119.1399442,238.9,NEW,,,https://safer.fmcsa.dot.gov/query.asp?searchtype=ANY&query_type=queryCarrierSnapshot&query_param=USDOT&query_string=834667,https://www.google.com/search?q=Jim*s+Honey+Farm+LLC+trucking+California+address+phone,Jim*s Honey Farm LLC
10,93,Premier Color Nursery,520621,559803,TB,1,2025-01-07,1244 Winter Haven Road,Fallbrook,CA,92028,,,,33.3506507,-117.2318649,418.1,NEW,,,https://safer.fmcsa.dot.gov/query.asp?searchtype=ANY&query_type=queryCarrierSnapshot&query_param=USDOT&query_string=520621,https://www.google.com/search?q=Premier+Color+Nursery+trucking+California+address+phone,Premier Color Nursery
10,94,"Burney Transportation, Inc.",284825,,TB,1,2025-01-13,21703 North Cottonwood Street,Burney,CA,96013,,,,40.9211879,-121.6311275,218.1,NEW,,,https://safer.fmcsa.dot.gov/query.asp?searchtype=ANY&query_type=queryCarrierSnapshot&query_param=USDOT&query_string=284825,https://www.google.com/search?q=Burney+Transportation+Inc.+trucking+California+address+phone,Burney Transportation Inc.
10,95,Eco-Shell Inc.,60908,1736652,TB,1,2025-02-18,California,,CA,,,,,36.778261,-119.4179324,172.1,NEW,,,https://safer.fmcsa.dot.gov/query.asp?searchtype=ANY&query_type=queryCarrierSnapshot&query_param=USDOT&query_string=60908,https://www.google.com/search?q=Eco-Shell+Inc.+trucking+California+address+phone,Eco-Shell Inc.
10,96,F & L Farms Trucking inc.,274534,725261,TB,1,2025-01-13,6995 Paradise Road,Princeton,CA,95970,,,,39.393755,-122.024855,110.6,NEW,,,https://safer.fmcsa.dot.gov/query.asp?searchtype=ANY&query_type=queryCarrierSnapshot&query_param=USDOT&query_string=274534,https://www.google.com/search?q=F+&+L+Farms+Trucking+inc.+trucking+California+address+phone,F & L Farms Trucking inc.
10,97,Vito Trucking LLC,1476470,,TB,1,2025-03-27,2812 Nathan Avenue,Modesto,CA,95354,,,,37.5960059,-120.9714151,72.5,NEW,,,https://safer.fmcsa.dot.gov/query.asp?searchtype=ANY&query_type=queryCarrierSnapshot&query_param=USDOT&query_string=1476470,https://www.google.com/search?q=Vito+Trucking+LLC+trucking+California+address+phone,Vito Trucking LLC
10,98,"Costa Farms, Inc.",709098,,TB,1,2025-01-30,36817 Foothill Road,Soledad,CA,93960,,,,36.391854,-121.364589,109.6,NEW,,,https://safer.fmcsa.dot.gov/query.asp?searchtype=ANY&query_type=queryCarrierSnapshot&query_param=USDOT&query_string=709098,https://www.google.com/search?q=Costa+Farms+Inc.+trucking+California+address+phone,Costa Farms Inc.
10,99,Martins Bros. Dairy Farms,134238,765531,TB,1,2025-01-19,6041 Central Avenue,Hilmar,CA,95324,,,,37.3788511,-120.9599501,77.6,NEW,,,https://safer.fmcsa.dot.gov/query.asp?searchtype=ANY&query_type=queryCarrierSnapshot&query_param=USDOT&query_string=134238,https://www.google.com/search?q=Martins+Bros.+Dairy+Farms+trucking+California+address+phone,Martins Bros. Dairy Farms
10,100,G. Bortolotto & Co.,1647619,53039,TB,1,2025-03-11,582 Bragato Road,San Carlos,CA,94070,,,,37.5153639,-122.2669581,20,NEW,,,https://safer.fmcsa.dot.gov/query.asp?searchtype=ANY&query_type=queryCarrierSnapshot&query_param=USDOT&query_string=1647619,https://www.google.com/search?q=G.+Bortolotto+&+Co.+trucking+California+address+phone,G. Bortolotto & Co.