Place ID,Chain ID,Business name,Address line 1,Address line 2,City,Province,Postal code,Country code,Phone number,Language
,,NorCal CARB Mobile LLC,Tracy Service Area,,Tracy,CA,95376,US,+1-916-890-4427,en
,,NorCal CARB Mobile LLC,Auburn Service Area,,Auburn,CA,95603,US,+1-916-890-4427,en
,,NorCal CARB Mobile LLC,Antioch Service Area,,Antioch,CA,94509,US,+1-916-890-4427,en
,,NorCal CARB Mobile LLC,Hayward Service Area,,Hayward,CA,94544,US,+1-916-890-4427,en
,,NorCal CARB Mobile LLC,Turlock Service Area,,Turlock,CA,95380,US,+1-916-890-4427,en
,,NorCal CARB Mobile LLC,San Jose Service Area,,San Jose,CA,95112,US,+1-916-890-4427,en
,,NorCal CARB Mobile LLC,Stockton Service Area,,Stockton,CA,95202,US,+1-916-890-4427,en
,,NorCal CARB Mobile LLC,Fairfield Service Area,,Fairfield,CA,94533,US,+1-916-890-4427,en
,,NorCal CARB Mobile LLC,Livermore Service Area,,Livermore,CA,94550,US,+1-916-890-4427,en
,,NorCal CARB Mobile LLC,San Diego Service Area,,San Diego,CA,92101,US,+1-916-890-4427,en
,,NorCal CARB Mobile LLC,Galt Service Area,,Galt,CA,95632,US,+1-916-890-4427,en
,,NorCal CARB Mobile LLC,San Rafael Service Area,,San Rafael,CA,94901,US,+1-916-890-4427,en
,,NorCal CARB Mobile LLC,Yolo County Service Area,,Yolo County,CA,,US,+1-916-890-4427,en
,,NorCal CARB Mobile LLC,Placer County Service Area,,Placer County,CA,,US,+1-916-890-4427,en
,,NorCal CARB Mobile LLC,San Francisco Service Area,,San Francisco,CA,94102,US,+1-916-890-4427,en
,,NorCal CARB Mobile LLC,West Sacramento Service Area,,West Sacramento,CA,95605,US,+1-916-890-4427,en
,,NorCal CARB Mobile LLC,El Dorado County Service Area,,El Dorado County,CA,,US,+1-916-890-4427,en
,,NorCal CARB Mobile LLC,Sacramento County Service Area,,Sacramento County,CA,,US,+1-916-890-4427,en
,,NorCal CARB Mobile LLC,Butte Valley Service Area,,Butte Valley,CA,95965,US,+1-916-890-4427,en
,,NorCal CARB Mobile LLC,San Joaquin County Service Area,,San Joaquin County,CA,,US,+1-916-890-4427,en
